Otu4626,Otu5330,Otu6326,Otu6284,Otu4238,Otu6390,Otu6210,Otu6366,Otu5484,Otu6047,Otu6736,Otu5860,Otu6264,Otu5886,Otu6731,Otu5737,Otu6602,Otu6624,Otu6684,Otu6434,Otu6199,Otu6492,Otu5442,Otu5388,Otu6448
0.0,0.0,1.0,0.0,2.0,0.0,0.0,0.0,4.0,1.0,1.0,1.0,0.0,9.0,0.0,0.0,0.0,2.0,17.0,19.0,0.0,0.0,0.0,1.0,18.0
0.0,14.0,0.0,0.0,10.0,0.0,0.0,0.0,0.0,2.0,0.0,0.0,7.0,0.0,0.0,0.0,18.0,0.0,10.0,10.0,1.0,0.0,0.0,0.0,0.0
0.0,0.0,0.0,0.0,0.0,0.0,0.0,1.0,0.0,0.0,0.0,0.0,2.0,0.0,1.0,0.0,0.0,0.0,0.0,20.0,0.0,0.0,0.0,0.0,12.0
0.0,7.0,0.0,0.0,4.0,10.0,0.0,0.0,2.0,3.0,0.0,0.0,2.0,9.0,3.0,0.0,0.0,0.0,22.0,10.0,0.0,0.0,0.0,0.0,3.0
0.0,13.0,0.0,0.0,1.0,0.0,0.0,0.0,0.0,1.0,0.0,0.0,7.0,0.0,1.0,0.0,1.0,0.0,0.0,4.0,0.0,1.0,0.0,1.0,1.0
0.0,30.0,0.0,0.0,3.0,0.0,0.0,0.0,0.0,6.0,0.0,0.0,27.0,0.0,0.0,0.0,0.0,1.0,9.0,6.0,0.0,0.0,0.0,0.0,3.0
0.0,21.0,0.0,0.0,20.0,0.0,0.0,0.0,0.0,1.0,0.0,0.0,15.0,1.0,0.0,0.0,28.0,0.0,1.0,17.0,0.0,0.0,0.0,0.0,0.0
0.0,35.0,0.0,0.0,16.0,0.0,0.0,0.0,0.0,3.0,0.0,0.0,10.0,0.0,0.0,3.0,32.0,0.0,0.0,5.0,1.0,0.0,0.0,0.0,1.0
0.0,16.0,0.0,0.0,1.0,1.0,0.0,0.0,0.0,3.0,0.0,0.0,4.0,0.0,0.0,0.0,0.0,0.0,26.0,2.0,0.0,0.0,0.0,0.0,3.0
0.0,11.0,0.0,0.0,4.0,0.0,0.0,0.0,1.0,1.0,0.0,0.0,4.0,0.0,1.0,0.0,0.0,0.0,0.0,6.0,0.0,0.0,0.0,0.0,2.0
0.0,3.0,0.0,0.0,4.0,0.0,0.0,0.0,1.0,0.0,0.0,0.0,1.0,0.0,0.0,0.0,20.0,1.0,8.0,6.0,0.0,0.0,0.0,0.0,6.0
0.0,4.0,1.0,0.0,0.0,9.0,0.0,0.0,0.0,21.0,1.0,0.0,3.0,1.0,1.0,0.0,0.0,0.0,27.0,8.0,0.0,0.0,1.0,0.0,14.0
0.0,1.0,2.0,0.0,0.0,3.0,0.0,1.0,1.0,8.0,0.0,0.0,0.0,7.0,1.0,0.0,0.0,0.0,37.0,20.0,0.0,0.0,7.0,0.0,3.0
0.0,8.0,0.0,0.0,1.0,1.0,0.0,1.0,0.0,1.0,1.0,0.0,5.0,0.0,0.0,1.0,2.0,1.0,9.0,13.0,0.0,0.0,0.0,0.0,3.0
0.0,0.0,0.0,0.0,0.0,0.0,0.0,0.0,2.0,1.0,1.0,0.0,4.0,2.0,0.0,0.0,0.0,0.0,21.0,10.0,0.0,2.0,0.0,2.0,3.0
0.0,19.0,0.0,0.0,12.0,0.0,0.0,0.0,0.0,1.0,0.0,0.0,5.0,0.0,1.0,1.0,10.0,0.0,9.0,3.0,0.0,0.0,0.0,0.0,1.0
1.0,6.0,0.0,0.0,3.0,0.0,1.0,0.0,0.0,16.0,4.0,0.0,16.0,0.0,0.0,2.0,14.0,14.0,12.0,0.0,0.0,2.0,0.0,0.0,1.0
1.0,0.0,0.0,0.0,0.0,1.0,7.0,2.0,1.0,8.0,0.0,0.0,0.0,44.0,2.0,2.0,0.0,0.0,23.0,1.0,0.0,1.0,15.0,1.0,9.0
6.0,14.0,4.0,0.0,5.0,0.0,2.0,1.0,0.0,5.0,1.0,0.0,4.0,3.0,0.0,8.0,26.0,9.0,6.0,4.0,1.0,2.0,2.0,0.0,0.0
3.0,7.0,9.0,9.0,0.0,14.0,2.0,0.0,8.0,19.0,8.0,0.0,1.0,2.0,1.0,0.0,0.0,5.0,54.0,1.0,4.0,0.0,1.0,4.0,4.0
3.0,5.0,7.0,4.0,0.0,1.0,2.0,1.0,1.0,14.0,6.0,0.0,0.0,3.0,1.0,8.0,0.0,13.0,16.0,0.0,1.0,10.0,1.0,7.0,2.0
0.0,46.0,0.0,0.0,6.0,0.0,0.0,0.0,0.0,2.0,0.0,0.0,12.0,0.0,0.0,0.0,1.0,1.0,0.0,0.0,0.0,0.0,0.0,0.0,2.0
0.0,32.0,0.0,0.0,7.0,1.0,0.0,0.0,0.0,8.0,0.0,0.0,12.0,0.0,0.0,9.0,0.0,3.0,18.0,2.0,0.0,0.0,0.0,0.0,0.0
2.0,0.0,5.0,8.0,0.0,26.0,5.0,8.0,11.0,19.0,6.0,4.0,0.0,8.0,9.0,0.0,0.0,7.0,22.0,3.0,2.0,2.0,5.0,6.0,9.0
0.0,0.0,0.0,0.0,2.0,0.0,0.0,0.0,0.0,0.0,0.0,0.0,14.0,0.0,3.0,0.0,0.0,0.0,1.0,57.0,0.0,0.0,0.0,2.0,1.0
1.0,0.0,8.0,11.0,0.0,27.0,1.0,5.0,12.0,26.0,4.0,3.0,0.0,9.0,6.0,0.0,0.0,16.0,33.0,14.0,2.0,1.0,4.0,3.0,5.0
0.0,37.0,0.0,0.0,4.0,0.0,0.0,1.0,0.0,3.0,0.0,0.0,46.0,0.0,0.0,0.0,17.0,1.0,1.0,2.0,0.0,0.0,0.0,0.0,0.0
0.0,3.0,0.0,0.0,0.0,0.0,0.0,0.0,0.0,10.0,7.0,0.0,1.0,9.0,0.0,7.0,13.0,1.0,16.0,2.0,1.0,7.0,3.0,0.0,2.0
0.0,15.0,0.0,0.0,6.0,0.0,0.0,0.0,0.0,2.0,0.0,0.0,1.0,0.0,0.0,0.0,14.0,2.0,2.0,3.0,0.0,1.0,0.0,0.0,1.0
4.0,45.0,0.0,0.0,7.0,0.0,2.0,0.0,0.0,18.0,6.0,0.0,11.0,2.0,1.0,0.0,1.0,1.0,27.0,1.0,0.0,10.0,6.0,0.0,2.0
1.0,5.0,0.0,0.0,0.0,14.0,2.0,1.0,2.0,22.0,7.0,0.0,1.0,1.0,4.0,0.0,0.0,8.0,35.0,5.0,0.0,3.0,5.0,0.0,5.0
0.0,18.0,0.0,0.0,9.0,0.0,0.0,0.0,0.0,3.0,0.0,0.0,4.0,0.0,0.0,0.0,25.0,0.0,1.0,8.0,0.0,0.0,0.0,0.0,1.0
9.0,16.0,19.0,0.0,10.0,0.0,2.0,2.0,0.0,4.0,0.0,0.0,2.0,1.0,0.0,75.0,4.0,24.0,7.0,1.0,7.0,14.0,0.0,0.0,0.0
3.0,1.0,5.0,2.0,1.0,4.0,3.0,7.0,26.0,20.0,9.0,1.0,4.0,4.0,1.0,3.0,5.0,16.0,36.0,2.0,3.0,7.0,4.0,3.0,1.0
0.0,25.0,0.0,0.0,31.0,0.0,2.0,0.0,0.0,1.0,0.0,0.0,15.0,0.0,0.0,1.0,45.0,1.0,1.0,3.0,1.0,0.0,0.0,0.0,4.0
4.0,9.0,15.0,2.0,5.0,16.0,2.0,6.0,2.0,16.0,3.0,0.0,1.0,4.0,1.0,3.0,3.0,12.0,33.0,1.0,12.0,4.0,7.0,5.0,0.0
0.0,12.0,2.0,1.0,2.0,0.0,0.0,0.0,1.0,6.0,7.0,0.0,3.0,4.0,4.0,0.0,1.0,1.0,22.0,7.0,0.0,0.0,5.0,1.0,5.0
0.0,5.0,1.0,0.0,3.0,0.0,0.0,0.0,2.0,9.0,0.0,0.0,2.0,0.0,3.0,0.0,0.0,1.0,4.0,6.0,0.0,0.0,0.0,0.0,5.0
0.0,2.0,0.0,1.0,0.0,1.0,0.0,0.0,4.0,1.0,1.0,0.0,3.0,0.0,0.0,0.0,0.0,2.0,15.0,20.0,0.0,0.0,0.0,1.0,7.0
0.0,12.0,0.0,0.0,10.0,0.0,0.0,0.0,0.0,0.0,0.0,0.0,3.0,0.0,0.0,1.0,127.0,0.0,0.0,4.0,1.0,0.0,0.0,0.0,2.0
0.0,17.0,0.0,0.0,6.0,0.0,0.0,0.0,0.0,1.0,0.0,0.0,1.0,1.0,0.0,45.0,21.0,2.0,12.0,0.0,0.0,1.0,0.0,0.0,0.0
7.0,0.0,9.0,6.0,2.0,10.0,3.0,1.0,18.0,26.0,10.0,1.0,0.0,4.0,4.0,7.0,0.0,11.0,27.0,4.0,6.0,4.0,2.0,2.0,2.0
0.0,2.0,2.0,0.0,1.0,6.0,0.0,1.0,0.0,12.0,4.0,1.0,0.0,9.0,3.0,0.0,0.0,2.0,26.0,16.0,0.0,5.0,6.0,1.0,6.0
6.0,2.0,5.0,4.0,2.0,6.0,2.0,3.0,13.0,26.0,3.0,1.0,2.0,10.0,3.0,17.0,1.0,21.0,30.0,5.0,3.0,9.0,5.0,4.0,2.0
0.0,0.0,0.0,1.0,0.0,0.0,0.0,1.0,7.0,1.0,0.0,0.0,4.0,0.0,0.0,0.0,0.0,1.0,15.0,19.0,0.0,0.0,0.0,1.0,12.0
2.0,2.0,0.0,0.0,3.0,0.0,6.0,0.0,0.0,18.0,5.0,0.0,3.0,13.0,0.0,9.0,11.0,4.0,22.0,4.0,0.0,2.0,1.0,0.0,0.0
2.0,0.0,2.0,3.0,0.0,6.0,4.0,2.0,2.0,34.0,4.0,1.0,0.0,2.0,4.0,2.0,0.0,8.0,12.0,0.0,4.0,7.0,1.0,0.0,2.0
1.0,0.0,4.0,3.0,0.0,14.0,2.0,6.0,6.0,18.0,7.0,5.0,0.0,5.0,3.0,0.0,0.0,7.0,25.0,1.0,3.0,2.0,1.0,4.0,4.0
0.0,8.0,0.0,0.0,4.0,0.0,1.0,0.0,0.0,6.0,2.0,0.0,2.0,4.0,0.0,11.0,7.0,2.0,21.0,4.0,0.0,1.0,2.0,0.0,0.0
7.0,20.0,6.0,1.0,0.0,0.0,5.0,2.0,3.0,6.0,0.0,0.0,3.0,2.0,0.0,3.0,0.0,12.0,21.0,0.0,7.0,36.0,2.0,7.0,0.0
0.0,0.0,12.0,10.0,0.0,14.0,2.0,8.0,15.0,20.0,6.0,3.0,0.0,5.0,4.0,0.0,0.0,9.0,46.0,9.0,1.0,1.0,7.0,6.0,3.0
2.0,4.0,4.0,0.0,0.0,0.0,6.0,1.0,0.0,8.0,1.0,1.0,5.0,4.0,0.0,24.0,10.0,4.0,5.0,1.0,2.0,4.0,0.0,2.0,1.0
4.0,8.0,3.0,0.0,3.0,0.0,5.0,0.0,0.0,12.0,1.0,0.0,6.0,1.0,1.0,23.0,8.0,13.0,10.0,0.0,8.0,5.0,2.0,1.0,0.0
5.0,8.0,0.0,0.0,3.0,1.0,2.0,0.0,0.0,16.0,4.0,0.0,5.0,1.0,1.0,3.0,3.0,12.0,38.0,4.0,1.0,10.0,5.0,0.0,3.0
0.0,1.0,1.0,3.0,0.0,2.0,7.0,2.0,2.0,34.0,3.0,2.0,1.0,6.0,3.0,0.0,0.0,16.0,27.0,4.0,4.0,1.0,10.0,1.0,1.0
13.0,16.0,0.0,0.0,9.0,0.0,9.0,0.0,0.0,2.0,0.0,0.0,3.0,2.0,1.0,5.0,8.0,10.0,4.0,1.0,3.0,10.0,0.0,0.0,1.0
0.0,14.0,0.0,0.0,7.0,0.0,0.0,0.0,0.0,4.0,0.0,0.0,8.0,0.0,0.0,1.0,42.0,1.0,0.0,1.0,0.0,0.0,0.0,0.0,1.0
2.0,3.0,1.0,6.0,0.0,3.0,3.0,4.0,1.0,38.0,14.0,1.0,1.0,0.0,4.0,0.0,0.0,18.0,57.0,6.0,14.0,14.0,3.0,4.0,5.0
